{"cameraMode":{"drawMode":0,"name":"Shaded","section":"Shading Mode"},"sceneLighting":true,"audioPlay":false,"sceneViewState":{"m_AlwaysRefresh":false,"showFog":true,"showSkybox":true,"showFlares":true,"showImageEffects":true,"showParticleSystems":true,"showVisualEffectGraphs":true,"m_FxEnabled":true},"in2DMode":false,"pivot":{"x":35.779998779296878,"y":0.5149999856948853,"z":-0.8200000524520874},"rotation":{"x":0.4438569247722626,"y":-0.16759896278381349,"z":0.08490218967199326,"w":0.8761825561523438},"size":18.256832122802736,"orthographic":true}